objectid,filename,filename_new,title,creator,date,description,subject,location,latitude,longitude,source,identifier,type,format,language,rights,rightsstatement,display_template,object_location,image_small,image_thumb,image_alt_text,object_transcript
chestnut001,acer_pensylvanicum.jpg,acer_pensylvanicum,Striped Maple Illustration,"Koenig, Nick",2022,Striped Maple Illustration,Acer pensylvanicum (species),"Lilley Cornett Woods, Skyline, Kentucky",37.090621,-82.990223,,,,image/jpeg,eng,"In copyright, educational use permitted. Educational use includes non-commercial reproduction of text and images in materials for teaching and research purposes. For other contexts beyond fair use, including digital reproduction, please contact Nick Koenig at [koen2388@vandals.uidaho.edu](mailto:koen2388@vandals.uidaho.edu). The University of Idaho Library is not liable for any violations of the law by users.",http://rightsstatements.org/vocab/InC-EDU/1.0/,image,/objects/acer_pensylvanicum.jpg,/objects/small/acer_pensylvanicum_sm.jpg,/objects/thumbs/acer_pensylvanicum_th.jpg,Striped Maple Illustration Black and White Pen,
chestnut002,acer_rubrum.jpg,acer_rubrum,Red Maple Illustration,"Koenig, Nick",2022,Red Maple Illustration,Acer rubrum (species),"Lilley Cornett Woods, Skyline, Kentucky",37.090621,-82.990223,,,,image/jpeg,eng,"In copyright, educational use permitted. Educational use includes non-commercial reproduction of text and images in materials for teaching and research purposes. For other contexts beyond fair use, including digital reproduction, please contact Nick Koenig at [koen2388@vandals.uidaho.edu](mailto:koen2388@vandals.uidaho.edu). The University of Idaho Library is not liable for any violations of the law by users.",http://rightsstatements.org/vocab/InC-EDU/1.0/,image,/objects/acer_rubrum.jpg,/objects/small/acer_rubrum_sm.jpg,/objects/thumbs/acer_rubrum_th.jpg,Red Maple Illustration Black and White Pen,
chestnut003,acer_saccharum.jpg,acer_saccharum,Sugar Maple Illustration,"Koenig, Nick",2022,Sugar Maple Illustration,Acer saccharum (species),"Lilley Cornett Woods, Skyline, Kentucky",37.090621,-82.990223,,,,image/jpeg,eng,"In copyright, educational use permitted. Educational use includes non-commercial reproduction of text and images in materials for teaching and research purposes. For other contexts beyond fair use, including digital reproduction, please contact Nick Koenig at [koen2388@vandals.uidaho.edu](mailto:koen2388@vandals.uidaho.edu). The University of Idaho Library is not liable for any violations of the law by users.",http://rightsstatements.org/vocab/InC-EDU/1.0/,image,/objects/acer_saccharum.jpg,/objects/small/acer_saccharum_sm.jpg,/objects/thumbs/acer_saccharum_th.jpg,Sugar Maple Illustration Black and White Pen,
chestnut004,athyrium_filix-femina.jpg,athyrium_filix-femina,Lady Fern Illustration,"Koenig, Nick",2022,Lady Fern Illustration,Athyrium filix-femina (species),"Lilley Cornett Woods, Skyline, Kentucky",37.090621,-82.990223,,,,image/jpeg,eng,"In copyright, educational use permitted. Educational use includes non-commercial reproduction of text and images in materials for teaching and research purposes. For other contexts beyond fair use, including digital reproduction, please contact Nick Koenig at [koen2388@vandals.uidaho.edu](mailto:koen2388@vandals.uidaho.edu). The University of Idaho Library is not liable for any violations of the law by users.",http://rightsstatements.org/vocab/InC-EDU/1.0/,image,/objects/athyrium_filix-femina.jpg,/objects/small/athyrium_filix-femina_sm.jpg,/objects/thumbs/athyrium_filix-femina_th.jpg,Lady Fern Illustration Black and White Pen,
chestnut005,atrichum_angustatum.jpg,atrichum_angustatum,Lesser Smoothcap Moss Illustration,"Koenig, Nick",2022,Lesser Smoothcap Moss Illustration,Atrichum angustatum (species),"Lilley Cornett Woods, Skyline, Kentucky",37.090621,-82.990223,,,,image/jpeg,eng,"In copyright, educational use permitted. Educational use includes non-commercial reproduction of text and images in materials for teaching and research purposes. For other contexts beyond fair use, including digital reproduction, please contact Nick Koenig at [koen2388@vandals.uidaho.edu](mailto:koen2388@vandals.uidaho.edu). The University of Idaho Library is not liable for any violations of the law by users.",http://rightsstatements.org/vocab/InC-EDU/1.0/,image,/objects/atrichum_angustatum.jpg,/objects/small/atrichum_angustatum_sm.jpg,/objects/thumbs/atrichum_angustatum_th.jpg,Lesser Smoothcap Moss Illustration Black and White Pen,
chestnut006,betula_lenta.jpg,betula_lenta,Sweet Birch Illustration,"Koenig, Nick",2022,Sweet Birch Illustration,Betula lenta (species),"Lilley Cornett Woods, Skyline, Kentucky",37.090621,-82.990223,,,,image/jpeg,eng,"In copyright, educational use permitted. Educational use includes non-commercial reproduction of text and images in materials for teaching and research purposes. For other contexts beyond fair use, including digital reproduction, please contact Nick Koenig at [koen2388@vandals.uidaho.edu](mailto:koen2388@vandals.uidaho.edu). The University of Idaho Library is not liable for any violations of the law by users.",http://rightsstatements.org/vocab/InC-EDU/1.0/,image,/objects/betula_lenta.jpg,/objects/small/betula_lenta_sm.jpg,/objects/thumbs/betula_lenta_th.jpg,Sweet Birch Illustration Black and White Pen,
chestnut007,bignonia_capreolata.jpg,bignonia_capreolata,Crossvine Illustration,"Koenig, Nick",2022,Crossvine Illustration,Bignonia capreolata (species),"Lilley Cornett Woods, Skyline, Kentucky",37.090621,-82.990223,,,,image/jpeg,eng,"In copyright, educational use permitted. Educational use includes non-commercial reproduction of text and images in materials for teaching and research purposes. For other contexts beyond fair use, including digital reproduction, please contact Nick Koenig at [koen2388@vandals.uidaho.edu](mailto:koen2388@vandals.uidaho.edu). The University of Idaho Library is not liable for any violations of the law by users.",http://rightsstatements.org/vocab/InC-EDU/1.0/,image,/objects/bignonia_capreolata.jpg,/objects/small/bignonia_capreolata_sm.jpg,/objects/thumbs/bignonia_capreolata_th.jpg,Crossvine Illustration Black and White Pen,
chestnut008,carex_plantaginea.jpg,carex_plantaginea,Crinkle Leaf Sedge Illustration,"Koenig, Nick",2022,Crinkle Leaf Sedge Illustration,Carex plantaginea (species),"Lilley Cornett Woods, Skyline, Kentucky",37.090621,-82.990223,,,,image/jpeg,eng,"In copyright, educational use permitted. Educational use includes non-commercial reproduction of text and images in materials for teaching and research purposes. For other contexts beyond fair use, including digital reproduction, please contact Nick Koenig at [koen2388@vandals.uidaho.edu](mailto:koen2388@vandals.uidaho.edu). The University of Idaho Library is not liable for any violations of the law by users.",http://rightsstatements.org/vocab/InC-EDU/1.0/,image,/objects/carex_plantaginea.jpg,/objects/small/carex_plantaginea_sm.jpg,/objects/thumbs/carex_plantaginea_th.jpg,Crinkle Leaf Sedge Illustration Black and White Pen,
chestnut009,carya_sp.jpg,carya_sp,Hickory Illustration,"Koenig, Nick",2022,Hickory Illustration,Carya sp (species),"Lilley Cornett Woods, Skyline, Kentucky",37.090621,-82.990223,,,,image/jpeg,eng,"In copyright, educational use permitted. Educational use includes non-commercial reproduction of text and images in materials for teaching and research purposes. For other contexts beyond fair use, including digital reproduction, please contact Nick Koenig at [koen2388@vandals.uidaho.edu](mailto:koen2388@vandals.uidaho.edu). The University of Idaho Library is not liable for any violations of the law by users.",http://rightsstatements.org/vocab/InC-EDU/1.0/,image,/objects/carya_sp.jpg,/objects/small/carya_sp_sm.jpg,/objects/thumbs/carya_sp_th.jpg,Hickory Illustration Black and White Pen,
chestnut010,castanea_dentata.jpg,castanea_dentata,American Chestnut Illustration,"Koenig, Nick",2022,American Chestnut Illustration,Castanea dentata (species),"Lilley Cornett Woods, Skyline, Kentucky",37.090621,-82.990223,,,,image/jpeg,eng,"In copyright, educational use permitted. Educational use includes non-commercial reproduction of text and images in materials for teaching and research purposes. For other contexts beyond fair use, including digital reproduction, please contact Nick Koenig at [koen2388@vandals.uidaho.edu](mailto:koen2388@vandals.uidaho.edu). The University of Idaho Library is not liable for any violations of the law by users.",http://rightsstatements.org/vocab/InC-EDU/1.0/,image,/objects/castanea_dentata.jpg,/objects/small/castanea_dentata_sm.jpg,/objects/thumbs/castanea_dentata_th.jpg,American Chestnut Illustration Black and White Pen,
chestnut011,cryphonectria_parasitica.jpg,cryphonectria_parasitica,American Chestnut Blight Illustration,"Koenig, Nick",2022,American Chestnut Blight Illustration,Cryphonectria parasitica (species),"Lilley Cornett Woods, Skyline, Kentucky",37.090621,-82.990223,,,,image/jpeg,eng,"In copyright, educational use permitted. Educational use includes non-commercial reproduction of text and images in materials for teaching and research purposes. For other contexts beyond fair use, including digital reproduction, please contact Nick Koenig at [koen2388@vandals.uidaho.edu](mailto:koen2388@vandals.uidaho.edu). The University of Idaho Library is not liable for any violations of the law by users.",http://rightsstatements.org/vocab/InC-EDU/1.0/,image,/objects/cryphonectria_parasitica.jpg,/objects/small/cryphonectria_parasitica_sm.jpg,/objects/thumbs/cryphonectria_parasitica_th.jpg,American Chestnut Blight Illustration Black and White Pen,
chestnut012,cypripedium_acuale.jpg,cypripedium_acuale,Pink Lady Slipper Illustration,"Koenig, Nick",2022,Pink Lady Slipper Illustration,Cypripedium acuale (species),"Lilley Cornett Woods, Skyline, Kentucky",37.090621,-82.990223,,,,image/jpeg,eng,"In copyright, educational use permitted. Educational use includes non-commercial reproduction of text and images in materials for teaching and research purposes. For other contexts beyond fair use, including digital reproduction, please contact Nick Koenig at [koen2388@vandals.uidaho.edu](mailto:koen2388@vandals.uidaho.edu). The University of Idaho Library is not liable for any violations of the law by users.",http://rightsstatements.org/vocab/InC-EDU/1.0/,image,/objects/cypripedium_acuale.jpg,/objects/small/cypripedium_acuale_sm.jpg,/objects/thumbs/cypripedium_acuale_th.jpg,Pink Lady Slipper Illustration Black and White Pen,
chestnut013,erythronium_sp.jpg,erythronium_sp,Trout Lily Illustration,"Koenig, Nick",2022,Trout Lily Illustration,Erythronium sp (species),"Lilley Cornett Woods, Skyline, Kentucky",37.090621,-82.990223,,,,image/jpeg,eng,"In copyright, educational use permitted. Educational use includes non-commercial reproduction of text and images in materials for teaching and research purposes. For other contexts beyond fair use, including digital reproduction, please contact Nick Koenig at [koen2388@vandals.uidaho.edu](mailto:koen2388@vandals.uidaho.edu). The University of Idaho Library is not liable for any violations of the law by users.",http://rightsstatements.org/vocab/InC-EDU/1.0/,image,/objects/erythronium_sp.jpg,/objects/small/erythronium_sp_sm.jpg,/objects/thumbs/erythronium_sp_th.jpg,Trout Lily Illustration Black and White Pen,
chestnut014,euonymus_americanus.jpg,euonymus_americanus,Hearts-a-Bustin Illustration,"Koenig, Nick",2022,Hearts-a-Bustin Illustration,Euonymus americanus (species),"Lilley Cornett Woods, Skyline, Kentucky",37.090621,-82.990223,,,,image/jpeg,eng,"In copyright, educational use permitted. Educational use includes non-commercial reproduction of text and images in materials for teaching and research purposes. For other contexts beyond fair use, including digital reproduction, please contact Nick Koenig at [koen2388@vandals.uidaho.edu](mailto:koen2388@vandals.uidaho.edu). The University of Idaho Library is not liable for any violations of the law by users.",http://rightsstatements.org/vocab/InC-EDU/1.0/,image,/objects/euonymus_americanus.jpg,/objects/small/euonymus_americanus_sm.jpg,/objects/thumbs/euonymus_americanus_th.jpg,Hearts-a-Bustin Illustration Black and White Pen,
chestnut015,fagus_grandifolia.jpg,fagus_grandifolia,Beech Illustration,"Koenig, Nick",2022,Beech Illustration,Fagus grandifolia (species),"Lilley Cornett Woods, Skyline, Kentucky",37.090621,-82.990223,,,,image/jpeg,eng,"In copyright, educational use permitted. Educational use includes non-commercial reproduction of text and images in materials for teaching and research purposes. For other contexts beyond fair use, including digital reproduction, please contact Nick Koenig at [koen2388@vandals.uidaho.edu](mailto:koen2388@vandals.uidaho.edu). The University of Idaho Library is not liable for any violations of the law by users.",http://rightsstatements.org/vocab/InC-EDU/1.0/,image,/objects/fagus_grandifolia.jpg,/objects/small/fagus_grandifolia_sm.jpg,/objects/thumbs/fagus_grandifolia_th.jpg,Beech Illustration Black and White Pen,
chestnut016,fraxinus_americana.jpg,fraxinus_americana,American Ash Illustration,"Koenig, Nick",2022,American Ash Illustration,Fraxinus americana (species),"Lilley Cornett Woods, Skyline, Kentucky",37.090621,-82.990223,,,,image/jpeg,eng,"In copyright, educational use permitted. Educational use includes non-commercial reproduction of text and images in materials for teaching and research purposes. For other contexts beyond fair use, including digital reproduction, please contact Nick Koenig at [koen2388@vandals.uidaho.edu](mailto:koen2388@vandals.uidaho.edu). The University of Idaho Library is not liable for any violations of the law by users.",http://rightsstatements.org/vocab/InC-EDU/1.0/,image,/objects/fraxinus_americana.jpg,/objects/small/fraxinus_americana_sm.jpg,/objects/thumbs/fraxinus_americana_th.jpg,American Ash Illustration Black and White Pen,
chestnut017,hamamelis_virginiana.jpg,hamamelis_virginiana,American Witch Hazel Illustration,"Koenig, Nick",2022,American Witch Hazel Illustration,Hamamelis virginiana (species),"Lilley Cornett Woods, Skyline, Kentucky",37.090621,-82.990223,,,,image/jpeg,eng,"In copyright, educational use permitted. Educational use includes non-commercial reproduction of text and images in materials for teaching and research purposes. For other contexts beyond fair use, including digital reproduction, please contact Nick Koenig at [koen2388@vandals.uidaho.edu](mailto:koen2388@vandals.uidaho.edu). The University of Idaho Library is not liable for any violations of the law by users.",http://rightsstatements.org/vocab/InC-EDU/1.0/,image,/objects/hamamelis_virginiana.jpg,/objects/small/hamamelis_virginiana_sm.jpg,/objects/thumbs/hamamelis_virginiana_th.jpg,American Witch Hazel Illustration Black and White Pen,
chestnut018,iris_cristata.jpg,iris_cristata,Dwarf Iris Illustration,"Koenig, Nick",2022,Dwarf Iris Illustration,Iris cristata (species),"Lilley Cornett Woods, Skyline, Kentucky",37.090621,-82.990223,,,,image/jpeg,eng,"In copyright, educational use permitted. Educational use includes non-commercial reproduction of text and images in materials for teaching and research purposes. For other contexts beyond fair use, including digital reproduction, please contact Nick Koenig at [koen2388@vandals.uidaho.edu](mailto:koen2388@vandals.uidaho.edu). The University of Idaho Library is not liable for any violations of the law by users.",http://rightsstatements.org/vocab/InC-EDU/1.0/,image,/objects/iris_cristata.jpg,/objects/small/iris_cristata_sm.jpg,/objects/thumbs/iris_cristata_th.jpg,Dwarf Iris Illustration Black and White Pen,
chestnut019,kalmia_latifolia.jpg,kalmia_latifolia,Mountain Laurel Illustration,"Koenig, Nick",2022,Mountain Laurel Illustration,Kalmia latifolia (species),"Lilley Cornett Woods, Skyline, Kentucky",37.090621,-82.990223,,,,image/jpeg,eng,"In copyright, educational use permitted. Educational use includes non-commercial reproduction of text and images in materials for teaching and research purposes. For other contexts beyond fair use, including digital reproduction, please contact Nick Koenig at [koen2388@vandals.uidaho.edu](mailto:koen2388@vandals.uidaho.edu). The University of Idaho Library is not liable for any violations of the law by users.",http://rightsstatements.org/vocab/InC-EDU/1.0/,image,/objects/kalmia_latifolia.jpg,/objects/small/kalmia_latifolia_sm.jpg,/objects/thumbs/kalmia_latifolia_th.jpg,Mountain Laurel Illustration Black and White Pen,
chestnut020,kindbergia_sp.jpg,kindbergia_sp,Common Feather Moss Illustration,"Koenig, Nick",2022,Common Feather Moss Illustration,Kindbergia sp (species),"Lilley Cornett Woods, Skyline, Kentucky",37.090621,-82.990223,,,,image/jpeg,eng,"In copyright, educational use permitted. Educational use includes non-commercial reproduction of text and images in materials for teaching and research purposes. For other contexts beyond fair use, including digital reproduction, please contact Nick Koenig at [koen2388@vandals.uidaho.edu](mailto:koen2388@vandals.uidaho.edu). The University of Idaho Library is not liable for any violations of the law by users.",http://rightsstatements.org/vocab/InC-EDU/1.0/,image,/objects/kindbergia_sp.jpg,/objects/small/kindbergia_sp_sm.jpg,/objects/thumbs/kindbergia_sp_th.jpg,Common Feather Moss Illustration Black and White Pen,
chestnut021,leucobryum_glaucum.jpg,leucobryum_glaucum,Pincushion Moss Illustration,"Koenig, Nick",2022,Pincushion Moss Illustration,Leucobryum glaucum (species),"Lilley Cornett Woods, Skyline, Kentucky",37.090621,-82.990223,,,,image/jpeg,eng,"In copyright, educational use permitted. Educational use includes non-commercial reproduction of text and images in materials for teaching and research purposes. For other contexts beyond fair use, including digital reproduction, please contact Nick Koenig at [koen2388@vandals.uidaho.edu](mailto:koen2388@vandals.uidaho.edu). The University of Idaho Library is not liable for any violations of the law by users.",http://rightsstatements.org/vocab/InC-EDU/1.0/,image,/objects/leucobryum_glaucum.jpg,/objects/small/leucobryum_glaucum_sm.jpg,/objects/thumbs/leucobryum_glaucum_th.jpg,Pincushion Moss Illustration Black and White Pen,
chestnut022,liriodendron_tulipifera.jpg,liriodendron_tulipifera,Tulip Poplar Illustration,"Koenig, Nick",2022,Tulip Poplar Illustration,Liriodendron tulipifera (species),"Lilley Cornett Woods, Skyline, Kentucky",37.090621,-82.990223,,,,image/jpeg,eng,"In copyright, educational use permitted. Educational use includes non-commercial reproduction of text and images in materials for teaching and research purposes. For other contexts beyond fair use, including digital reproduction, please contact Nick Koenig at [koen2388@vandals.uidaho.edu](mailto:koen2388@vandals.uidaho.edu). The University of Idaho Library is not liable for any violations of the law by users.",http://rightsstatements.org/vocab/InC-EDU/1.0/,image,/objects/liriodendron_tulipifera.jpg,/objects/small/liriodendron_tulipifera_sm.jpg,/objects/thumbs/liriodendron_tulipifera_th.jpg,Tulip Poplar Illustration Black and White Pen,
chestnut023,magnolia_macrophylla.jpg,magnolia_macrophylla,Big Leaf Magnolia Illustration,"Koenig, Nick",2022,Big Leaf Magnolia Illustration,Magnolia macrophylla (species),"Lilley Cornett Woods, Skyline, Kentucky",37.090621,-82.990223,,,,image/jpeg,eng,"In copyright, educational use permitted. Educational use includes non-commercial reproduction of text and images in materials for teaching and research purposes. For other contexts beyond fair use, including digital reproduction, please contact Nick Koenig at [koen2388@vandals.uidaho.edu](mailto:koen2388@vandals.uidaho.edu). The University of Idaho Library is not liable for any violations of the law by users.",http://rightsstatements.org/vocab/InC-EDU/1.0/,image,/objects/magnolia_macrophylla.jpg,/objects/small/magnolia_macrophylla_sm.jpg,/objects/thumbs/magnolia_macrophylla_th.jpg,Big Leaf Magnolia Illustration Black and White Pen,
chestnut024,microstegium_vimineum.jpg,microstegium_vimineum,Japanese Stiltgrass Illustration,"Koenig, Nick",2022,Japanese Stiltgrass Illustration,Microstegium vimineum (species),"Lilley Cornett Woods, Skyline, Kentucky",37.090621,-82.990223,,,,image/jpeg,eng,"In copyright, educational use permitted. Educational use includes non-commercial reproduction of text and images in materials for teaching and research purposes. For other contexts beyond fair use, including digital reproduction, please contact Nick Koenig at [koen2388@vandals.uidaho.edu](mailto:koen2388@vandals.uidaho.edu). The University of Idaho Library is not liable for any violations of the law by users.",http://rightsstatements.org/vocab/InC-EDU/1.0/,image,/objects/microstegium_vimineum.jpg,/objects/small/microstegium_vimineum_sm.jpg,/objects/thumbs/microstegium_vimineum_th.jpg,Japanese Stiltgrass Illustration Black and White Pen,
chestnut025,mitchella_repens.jpg,mitchella_repens,Partridge Berry Illustration,"Koenig, Nick",2022,Partridge Berry Illustration,Mitchella repens (species),"Lilley Cornett Woods, Skyline, Kentucky",37.090621,-82.990223,,,,image/jpeg,eng,"In copyright, educational use permitted. Educational use includes non-commercial reproduction of text and images in materials for teaching and research purposes. For other contexts beyond fair use, including digital reproduction, please contact Nick Koenig at [koen2388@vandals.uidaho.edu](mailto:koen2388@vandals.uidaho.edu). The University of Idaho Library is not liable for any violations of the law by users.",http://rightsstatements.org/vocab/InC-EDU/1.0/,image,/objects/mitchella_repens.jpg,/objects/small/mitchella_repens_sm.jpg,/objects/thumbs/mitchella_repens_th.jpg,Partridge Berry Illustration Black and White Pen,
chestnut026,nyssa_sylvatica.jpg,nyssa_sylvatica,Black Gum Illustration,"Koenig, Nick",2022,Black Gum Illustration,Nyssa sylvatica (species),"Lilley Cornett Woods, Skyline, Kentucky",37.090621,-82.990223,,,,image/jpeg,eng,"In copyright, educational use permitted. Educational use includes non-commercial reproduction of text and images in materials for teaching and research purposes. For other contexts beyond fair use, including digital reproduction, please contact Nick Koenig at [koen2388@vandals.uidaho.edu](mailto:koen2388@vandals.uidaho.edu). The University of Idaho Library is not liable for any violations of the law by users.",http://rightsstatements.org/vocab/InC-EDU/1.0/,image,/objects/nyssa_sylvatica.jpg,/objects/small/nyssa_sylvatica_sm.jpg,/objects/thumbs/nyssa_sylvatica_th.jpg,Black Gum Illustration Black and White Pen,
chestnut027,oxydendrum_arboreum.jpg,oxydendrum_arboreum,Sourwood Illustration,"Koenig, Nick",2022,Sourwood Illustration,Oxydendrum arboreum (species),"Lilley Cornett Woods, Skyline, Kentucky",37.090621,-82.990223,,,,image/jpeg,eng,"In copyright, educational use permitted. Educational use includes non-commercial reproduction of text and images in materials for teaching and research purposes. For other contexts beyond fair use, including digital reproduction, please contact Nick Koenig at [koen2388@vandals.uidaho.edu](mailto:koen2388@vandals.uidaho.edu). The University of Idaho Library is not liable for any violations of the law by users.",http://rightsstatements.org/vocab/InC-EDU/1.0/,image,/objects/oxydendrum_arboreum.jpg,/objects/small/oxydendrum_arboreum_sm.jpg,/objects/thumbs/oxydendrum_arboreum_th.jpg,Sourwood Illustration Black and White Pen,
chestnut028,parthenocissus_quinquefolia.jpg,parthenocissus_quinquefolia,Virginia Creeper Illustration,"Koenig, Nick",2022,Virginia Creeper Illustration,Parthenocissus quinquefolia (species),"Lilley Cornett Woods, Skyline, Kentucky",37.090621,-82.990223,,,,image/jpeg,eng,"In copyright, educational use permitted. Educational use includes non-commercial reproduction of text and images in materials for teaching and research purposes. For other contexts beyond fair use, including digital reproduction, please contact Nick Koenig at [koen2388@vandals.uidaho.edu](mailto:koen2388@vandals.uidaho.edu). The University of Idaho Library is not liable for any violations of the law by users.",http://rightsstatements.org/vocab/InC-EDU/1.0/,image,/objects/parthenocissus_quinquefolia.jpg,/objects/small/parthenocissus_quinquefolia_sm.jpg,/objects/thumbs/parthenocissus_quinquefolia_th.jpg,Virginia Creeper Illustration Black and White Pen,
chestnut029,pinus_strobus.jpg,pinus_strobus,Eastern White Pine Illustration,"Koenig, Nick",2022,Eastern White Pine Illustration,Pinus strobus (species),"Lilley Cornett Woods, Skyline, Kentucky",37.090621,-82.990223,,,,image/jpeg,eng,"In copyright, educational use permitted. Educational use includes non-commercial reproduction of text and images in materials for teaching and research purposes. For other contexts beyond fair use, including digital reproduction, please contact Nick Koenig at [koen2388@vandals.uidaho.edu](mailto:koen2388@vandals.uidaho.edu). The University of Idaho Library is not liable for any violations of the law by users.",http://rightsstatements.org/vocab/InC-EDU/1.0/,image,/objects/pinus_strobus.jpg,/objects/small/pinus_strobus_sm.jpg,/objects/thumbs/pinus_strobus_th.jpg,Eastern White Pine Illustration Black and White Pen,
chestnut030,polypodium_virginianum.jpg,polypodium_virginianum,Rock Polyploid Illustration,"Koenig, Nick",2022,Rock Polyploid Illustration,Polypodium virginianum (species),"Lilley Cornett Woods, Skyline, Kentucky",37.090621,-82.990223,,,,image/jpeg,eng,"In copyright, educational use permitted. Educational use includes non-commercial reproduction of text and images in materials for teaching and research purposes. For other contexts beyond fair use, including digital reproduction, please contact Nick Koenig at [koen2388@vandals.uidaho.edu](mailto:koen2388@vandals.uidaho.edu). The University of Idaho Library is not liable for any violations of the law by users.",http://rightsstatements.org/vocab/InC-EDU/1.0/,image,/objects/polypodium_virginianum.jpg,/objects/small/polypodium_virginianum_sm.jpg,/objects/thumbs/polypodium_virginianum_th.jpg,Rock Polyploid Illustration Black and White Pen,
chestnut031,polystichum_acrostichoides.jpg,polystichum_acrostichoides,Christmas Fern Illustration,"Koenig, Nick",2022,Christmas Fern Illustration,Polystichum acrostichoides (species),"Lilley Cornett Woods, Skyline, Kentucky",37.090621,-82.990223,,,,image/jpeg,eng,"In copyright, educational use permitted. Educational use includes non-commercial reproduction of text and images in materials for teaching and research purposes. For other contexts beyond fair use, including digital reproduction, please contact Nick Koenig at [koen2388@vandals.uidaho.edu](mailto:koen2388@vandals.uidaho.edu). The University of Idaho Library is not liable for any violations of the law by users.",http://rightsstatements.org/vocab/InC-EDU/1.0/,image,/objects/polystichum_acrostichoides.jpg,/objects/small/polystichum_acrostichoides_sm.jpg,/objects/thumbs/polystichum_acrostichoides_th.jpg,Christmas Fern Illustration Black and White Pen,
chestnut032,potentilla_simplex.jpg,potentilla_simplex,Common Cinquefoil Illustration,"Koenig, Nick",2022,Common Cinquefoil Illustration,Potentilla simplex (species),"Lilley Cornett Woods, Skyline, Kentucky",37.090621,-82.990223,,,,image/jpeg,eng,"In copyright, educational use permitted. Educational use includes non-commercial reproduction of text and images in materials for teaching and research purposes. For other contexts beyond fair use, including digital reproduction, please contact Nick Koenig at [koen2388@vandals.uidaho.edu](mailto:koen2388@vandals.uidaho.edu). The University of Idaho Library is not liable for any violations of the law by users.",http://rightsstatements.org/vocab/InC-EDU/1.0/,image,/objects/potentilla_simplex.jpg,/objects/small/potentilla_simplex_sm.jpg,/objects/thumbs/potentilla_simplex_th.jpg,Common Cinquefoil Illustration Black and White Pen,
chestnut033,prunus_serotina.jpg,prunus_serotina,Black Cherry Illustration,"Koenig, Nick",2022,Black Cherry Illustration,Prunus serotina (species),"Lilley Cornett Woods, Skyline, Kentucky",37.090621,-82.990223,,,,image/jpeg,eng,"In copyright, educational use permitted. Educational use includes non-commercial reproduction of text and images in materials for teaching and research purposes. For other contexts beyond fair use, including digital reproduction, please contact Nick Koenig at [koen2388@vandals.uidaho.edu](mailto:koen2388@vandals.uidaho.edu). The University of Idaho Library is not liable for any violations of the law by users.",http://rightsstatements.org/vocab/InC-EDU/1.0/,image,/objects/prunus_serotina.jpg,/objects/small/prunus_serotina_sm.jpg,/objects/thumbs/prunus_serotina_th.jpg,Black Cherry Illustration Black and White Pen,
chestnut034,pyrularia_pubera.jpg,pyrularia_pubera,Buffalo Nut Illustration,"Koenig, Nick",2022,Buffalo Nut Illustration,Pyrularia pubera (species),"Lilley Cornett Woods, Skyline, Kentucky",37.090621,-82.990223,,,,image/jpeg,eng,"In copyright, educational use permitted. Educational use includes non-commercial reproduction of text and images in materials for teaching and research purposes. For other contexts beyond fair use, including digital reproduction, please contact Nick Koenig at [koen2388@vandals.uidaho.edu](mailto:koen2388@vandals.uidaho.edu). The University of Idaho Library is not liable for any violations of the law by users.",http://rightsstatements.org/vocab/InC-EDU/1.0/,image,/objects/pyrularia_pubera.jpg,/objects/small/pyrularia_pubera_sm.jpg,/objects/thumbs/pyrularia_pubera_th.jpg,Buffalo Nut Illustration Black and White Pen,
chestnut035,quercus_alba.jpg,quercus_alba,White Oak Illustration,"Koenig, Nick",2022,White Oak Illustration,Quercus alba (species),"Lilley Cornett Woods, Skyline, Kentucky",37.090621,-82.990223,,,,image/jpeg,eng,"In copyright, educational use permitted. Educational use includes non-commercial reproduction of text and images in materials for teaching and research purposes. For other contexts beyond fair use, including digital reproduction, please contact Nick Koenig at [koen2388@vandals.uidaho.edu](mailto:koen2388@vandals.uidaho.edu). The University of Idaho Library is not liable for any violations of the law by users.",http://rightsstatements.org/vocab/InC-EDU/1.0/,image,/objects/quercus_alba.jpg,/objects/small/quercus_alba_sm.jpg,/objects/thumbs/quercus_alba_th.jpg,White Oak Illustration Black and White Pen,
chestnut036,quercus_montana.jpg,quercus_montana,Chestnut Oak Illustration,"Koenig, Nick",2022,Chestnut Oak Illustration,Quercus montana (species),"Lilley Cornett Woods, Skyline, Kentucky",37.090621,-82.990223,,,,image/jpeg,eng,"In copyright, educational use permitted. Educational use includes non-commercial reproduction of text and images in materials for teaching and research purposes. For other contexts beyond fair use, including digital reproduction, please contact Nick Koenig at [koen2388@vandals.uidaho.edu](mailto:koen2388@vandals.uidaho.edu). The University of Idaho Library is not liable for any violations of the law by users.",http://rightsstatements.org/vocab/InC-EDU/1.0/,image,/objects/quercus_montana.jpg,/objects/small/quercus_montana_sm.jpg,/objects/thumbs/quercus_montana_th.jpg,Chestnut Oak Illustration Black and White Pen,
chestnut037,quercus_rubra.jpg,quercus_rubra,Northern Red Oak Illustration,"Koenig, Nick",2022,Northern Red Oak Illustration,Quercus rubra (species),"Lilley Cornett Woods, Skyline, Kentucky",37.090621,-82.990223,,,,image/jpeg,eng,"In copyright, educational use permitted. Educational use includes non-commercial reproduction of text and images in materials for teaching and research purposes. For other contexts beyond fair use, including digital reproduction, please contact Nick Koenig at [koen2388@vandals.uidaho.edu](mailto:koen2388@vandals.uidaho.edu). The University of Idaho Library is not liable for any violations of the law by users.",http://rightsstatements.org/vocab/InC-EDU/1.0/,image,/objects/quercus_rubra.jpg,/objects/small/quercus_rubra_sm.jpg,/objects/thumbs/quercus_rubra_th.jpg,Northern Red Oak Illustration Black and White Pen,
chestnut038,rhododendron_maximum.jpg,rhododendron_maximum,Rhododendron Illustration,"Koenig, Nick",2022,Rhododendron Illustration,Rhododendron maximum (species),"Lilley Cornett Woods, Skyline, Kentucky",37.090621,-82.990223,,,,image/jpeg,eng,"In copyright, educational use permitted. Educational use includes non-commercial reproduction of text and images in materials for teaching and research purposes. For other contexts beyond fair use, including digital reproduction, please contact Nick Koenig at [koen2388@vandals.uidaho.edu](mailto:koen2388@vandals.uidaho.edu). The University of Idaho Library is not liable for any violations of the law by users.",http://rightsstatements.org/vocab/InC-EDU/1.0/,image,/objects/rhododendron_maximum.jpg,/objects/small/rhododendron_maximum_sm.jpg,/objects/thumbs/rhododendron_maximum_th.jpg,Rhododendron Illustration Black and White Pen,
chestnut039,sambucus_canadensis.jpg,sambucus_canadensis,American Black Elderberry,"Koenig, Nick",2022,American Black Elderberry,Sambucus canadensis (species),"Lilley Cornett Woods, Skyline, Kentucky",37.090621,-82.990223,,,,image/jpeg,eng,"In copyright, educational use permitted. Educational use includes non-commercial reproduction of text and images in materials for teaching and research purposes. For other contexts beyond fair use, including digital reproduction, please contact Nick Koenig at [koen2388@vandals.uidaho.edu](mailto:koen2388@vandals.uidaho.edu). The University of Idaho Library is not liable for any violations of the law by users.",http://rightsstatements.org/vocab/InC-EDU/1.0/,image,/objects/sambucus_canadensis.jpg,/objects/small/sambucus_canadensis_sm.jpg,/objects/thumbs/sambucus_canadensis_th.jpg,American Black Elderberry Black and White Pen,
chestnut040,sanicula_canadensis.jpg,sanicula_canadensis,Canadian Black Snakeroot Illustration,"Koenig, Nick",2022,Canadian Black Snakeroot Illustration,Sanicula canadensis (species),"Lilley Cornett Woods, Skyline, Kentucky",37.090621,-82.990223,,,,image/jpeg,eng,"In copyright, educational use permitted. Educational use includes non-commercial reproduction of text and images in materials for teaching and research purposes. For other contexts beyond fair use, including digital reproduction, please contact Nick Koenig at [koen2388@vandals.uidaho.edu](mailto:koen2388@vandals.uidaho.edu). The University of Idaho Library is not liable for any violations of the law by users.",http://rightsstatements.org/vocab/InC-EDU/1.0/,image,/objects/sanicula_canadensis.jpg,/objects/small/sanicula_canadensis_sm.jpg,/objects/thumbs/sanicula_canadensis_th.jpg,Canadian Black Snakeroot Illustration Black and White Pen,
chestnut041,sassafras_albidum.jpg,sassafras_albidum,Sassafras Illustration,"Koenig, Nick",2022,Sassafras Illustration,Sassafras albidum (species),"Lilley Cornett Woods, Skyline, Kentucky",37.090621,-82.990223,,,,image/jpeg,eng,"In copyright, educational use permitted. Educational use includes non-commercial reproduction of text and images in materials for teaching and research purposes. For other contexts beyond fair use, including digital reproduction, please contact Nick Koenig at [koen2388@vandals.uidaho.edu](mailto:koen2388@vandals.uidaho.edu). The University of Idaho Library is not liable for any violations of the law by users.",http://rightsstatements.org/vocab/InC-EDU/1.0/,image,/objects/sassafras_albidum.jpg,/objects/small/sassafras_albidum_sm.jpg,/objects/thumbs/sassafras_albidum_th.jpg,Sassafras Illustration Black and White Pen,
chestnut042,sedum_ternatum.jpg,sedum_ternatum,Stonecrop Illustration,"Koenig, Nick",2022,Stonecrop Illustration,Sedum ternatum (species),"Lilley Cornett Woods, Skyline, Kentucky",37.090621,-82.990223,,,,image/jpeg,eng,"In copyright, educational use permitted. Educational use includes non-commercial reproduction of text and images in materials for teaching and research purposes. For other contexts beyond fair use, including digital reproduction, please contact Nick Koenig at [koen2388@vandals.uidaho.edu](mailto:koen2388@vandals.uidaho.edu). The University of Idaho Library is not liable for any violations of the law by users.",http://rightsstatements.org/vocab/InC-EDU/1.0/,image,/objects/sedum_ternatum.jpg,/objects/small/sedum_ternatum_sm.jpg,/objects/thumbs/sedum_ternatum_th.jpg,Stonecrop Illustration Black and White Pen,
chestnut043,smilax_rotundifolia.jpg,smilax_rotundifolia,Common Greenbrier Illustration,"Koenig, Nick",2022,Common Greenbrier Illustration,Smilax rotundifolia (species),"Lilley Cornett Woods, Skyline, Kentucky",37.090621,-82.990223,,,,image/jpeg,eng,"In copyright, educational use permitted. Educational use includes non-commercial reproduction of text and images in materials for teaching and research purposes. For other contexts beyond fair use, including digital reproduction, please contact Nick Koenig at [koen2388@vandals.uidaho.edu](mailto:koen2388@vandals.uidaho.edu). The University of Idaho Library is not liable for any violations of the law by users.",http://rightsstatements.org/vocab/InC-EDU/1.0/,image,/objects/smilax_rotundifolia.jpg,/objects/small/smilax_rotundifolia_sm.jpg,/objects/thumbs/smilax_rotundifolia_th.jpg,Common Greenbrier Illustration Black and White Pen,
chestnut044,toxicodendron_radicans.jpg,toxicodendron_radicans,Poison Ivy Illustration,"Koenig, Nick",2022,Poison Ivy Illustration,Toxicodendron radicans (species),"Lilley Cornett Woods, Skyline, Kentucky",37.090621,-82.990223,,,,image/jpeg,eng,"In copyright, educational use permitted. Educational use includes non-commercial reproduction of text and images in materials for teaching and research purposes. For other contexts beyond fair use, including digital reproduction, please contact Nick Koenig at [koen2388@vandals.uidaho.edu](mailto:koen2388@vandals.uidaho.edu). The University of Idaho Library is not liable for any violations of the law by users.",http://rightsstatements.org/vocab/InC-EDU/1.0/,image,/objects/toxicodendron_radicans.jpg,/objects/small/toxicodendron_radicans_sm.jpg,/objects/thumbs/toxicodendron_radicans_th.jpg,Poison Ivy Illustration Black and White Pen,
chestnut045,tsuga_canadensis.jpg,tsuga_canadensis,Eastern Hemlock Illustration,"Koenig, Nick",2022,Eastern Hemlock Illustration,Tsuga canadensis (species),"Lilley Cornett Woods, Skyline, Kentucky",37.090621,-82.990223,,,,image/jpeg,eng,"In copyright, educational use permitted. Educational use includes non-commercial reproduction of text and images in materials for teaching and research purposes. For other contexts beyond fair use, including digital reproduction, please contact Nick Koenig at [koen2388@vandals.uidaho.edu](mailto:koen2388@vandals.uidaho.edu). The University of Idaho Library is not liable for any violations of the law by users.",http://rightsstatements.org/vocab/InC-EDU/1.0/,image,/objects/tsuga_canadensis.jpg,/objects/small/tsuga_canadensis_sm.jpg,/objects/thumbs/tsuga_canadensis_th.jpg,Eastern Hemlock Illustration Black and White Pen,
chestnut046,vaccinium_sp.jpg,vaccinium_sp,Blueberry Illustration,"Koenig, Nick",2022,Blueberry Illustration,Vaccinium sp (species),"Lilley Cornett Woods, Skyline, Kentucky",37.090621,-82.990223,,,,image/jpeg,eng,"In copyright, educational use permitted. Educational use includes non-commercial reproduction of text and images in materials for teaching and research purposes. For other contexts beyond fair use, including digital reproduction, please contact Nick Koenig at [koen2388@vandals.uidaho.edu](mailto:koen2388@vandals.uidaho.edu). The University of Idaho Library is not liable for any violations of the law by users.",http://rightsstatements.org/vocab/InC-EDU/1.0/,image,/objects/vaccinium_sp.jpg,/objects/small/vaccinium_sp_sm.jpg,/objects/thumbs/vaccinium_sp_th.jpg,Blueberry Illustration Black and White Pen,
chestnut047,viburnum_acerifolium.jpg,viburnum_acerifolium,Maple-Leaf Virburnum Illustration,"Koenig, Nick",2022,Maple-Leaf Virburnum Illustration,Viburnum acerifolium (species),"Lilley Cornett Woods, Skyline, Kentucky",37.090621,-82.990223,,,,image/jpeg,eng,"In copyright, educational use permitted. Educational use includes non-commercial reproduction of text and images in materials for teaching and research purposes. For other contexts beyond fair use, including digital reproduction, please contact Nick Koenig at [koen2388@vandals.uidaho.edu](mailto:koen2388@vandals.uidaho.edu). The University of Idaho Library is not liable for any violations of the law by users.",http://rightsstatements.org/vocab/InC-EDU/1.0/,image,/objects/viburnum_acerifolium.jpg,/objects/small/viburnum_acerifolium_sm.jpg,/objects/thumbs/viburnum_acerifolium_th.jpg,Maple-Leaf Virburnum Illustration Black and White Pen,
chestnut048,viola_rostrata.jpg,viola_rostrata,Long-Spurred Violet Illustration,"Koenig, Nick",2022,Long-Spurred Violet Illustration,Viola rostrata (species),"Lilley Cornett Woods, Skyline, Kentucky",37.090621,-82.990223,,,,image/jpeg,eng,"In copyright, educational use permitted. Educational use includes non-commercial reproduction of text and images in materials for teaching and research purposes. For other contexts beyond fair use, including digital reproduction, please contact Nick Koenig at [koen2388@vandals.uidaho.edu](mailto:koen2388@vandals.uidaho.edu). The University of Idaho Library is not liable for any violations of the law by users.",http://rightsstatements.org/vocab/InC-EDU/1.0/,image,/objects/viola_rostrata.jpg,/objects/small/viola_rostrata_sm.jpg,/objects/thumbs/viola_rostrata_th.jpg,Long-Spurred Violet Illustration Black and White Pen,
chestnut049,viola_soraria.jpg,viola_soraria,Common Blue Violet Illustration,"Koenig, Nick",2022,Common Blue Violet Illustration,Viola soraria (species),"Lilley Cornett Woods, Skyline, Kentucky",37.090621,-82.990223,,,,image/jpeg,eng,"In copyright, educational use permitted. Educational use includes non-commercial reproduction of text and images in materials for teaching and research purposes. For other contexts beyond fair use, including digital reproduction, please contact Nick Koenig at [koen2388@vandals.uidaho.edu](mailto:koen2388@vandals.uidaho.edu). The University of Idaho Library is not liable for any violations of the law by users.",http://rightsstatements.org/vocab/InC-EDU/1.0/,image,/objects/viola_soraria.jpg,/objects/small/viola_soraria_sm.jpg,/objects/thumbs/viola_soraria_th.jpg,Common Blue Violet Illustration Black and White Pen,
chestnut050,savannah-clark.mp3,,Savannah Clark Interview,"Koenig, Nick",2022,Interview with Savannah Clark,,Eastern Kentucky University,37.73823073,-84.29690252,,,record,compound_object,eng,,,transcript,https://cdil.lib.uidaho.edu/chestnut-collective/objects/savannah-clark.mp3,,,,
chestnut051,chestnut051.mp3,,Sara Fitzsimmon,"Koenig, Nick",2022,Interview with Sara Fitzsimmon,,Eastern Kentucky University,37.73823073,-84.29690252,,,record,compound_object,eng,,,transcript,https://cdil.lib.uidaho.edu/chestnut-collective/objects/sara-fitzsimmon.mp3,,,,